Model,Skóre koherence,Počet témat,Alfa,Beta
Gensim LDA,0.6107931575477634,22,0.1,0.7
Gensim LSI,0.34384494005796906,7,"",""
ScikitLearn LDA,0.4087212901622582,7,0.9,0.8
ScikitLearn LSA,0.38335322672209,17,"",""
